"product_id","product_name","category","price","stock_quantity","supplier_id"
"1","商品1","食品","62.97","193","5"
"2","商品2","饮料","4.88","59","46"
"3","商品3","食品","90.22","77","7"
"4","商品4","饮料","86.15","56","98"
"5","商品5","食品","55.83","426","60"
"6","商品6","饮料","40.65","125","4"
"7","商品7","食品","44.32","48","16"
"8","商品8","饮料","47.95","467","25"
"9","商品9","食品","39.42","125","7"
"10","商品10","饮料","59.01","373","97"
"11","商品11","食品","56.46","470","2"
"12","商品12","饮料","23.19","63","94"
"13","商品13","食品","30.69","361","70"
"14","商品14","饮料","28.76","182","97"
"15","商品15","食品","72.54","367","50"
"16","商品16","饮料","26.82","429","49"
"17","商品17","食品","87.06","442","82"
"18","商品18","饮料","40.6","296","76"
"19","商品19","食品","97.14","302","12"
"20","商品20","饮料","74.8","200","77"
"21","商品21","食品","61.57","393","9"
"22","商品22","饮料","6.16","27","10"
"23","商品23","食品","30.15","113","23"
"24","商品24","饮料","45.37","294","59"
"25","商品25","食品","15.9","19","72"
"26","商品26","饮料","46.8","94","55"
"27","商品27","食品","15.04","60","16"
"28","商品28","饮料","39.62","263","45"
"29","商品29","食品","63.63","426","36"
"30","商品30","饮料","20.8","490","29"
"31","商品31","食品","46.06","230","93"
"32","商品32","饮料","23.26","196","28"
"33","商品33","食品","17.41","28","77"
"34","商品34","饮料","64.6","469","76"
"35","商品35","食品","97.63","302","10"
"36","商品36","饮料","66.45","17","19"
"37","商品37","食品","80.22","233","93"
"38","商品38","饮料","23.04","187","18"
"39","商品39","食品","77.23","162","31"
"40","商品40","饮料","56.46","449","81"
"41","商品41","食品","31.26","78","85"
"42","商品42","饮料","76.29","137","9"
"43","商品43","食品","59.27","356","80"
"44","商品44","饮料","81.55","351","7"
"45","商品45","食品","23.77","490","19"
"46","商品46","饮料","99.53","207","10"
"47","商品47","食品","20.87","385","23"
"48","商品48","饮料","82.5","221","74"
"49","商品49","食品","36.32","300","92"
"50","商品50","饮料","78.03","75","42"
"51","商品51","食品","62.08","429","44"
"52","商品52","饮料","59.31","331","54"
"53","商品53","食品","68.5","410","6"
"54","商品54","饮料","78.87","396","60"
"55","商品55","食品","59.8","102","24"
"56","商品56","饮料","54.95","24","60"
"57","商品57","食品","81.42","147","4"
"58","商品58","饮料","29.66","186","98"
"59","商品59","食品","74.26","398","76"
"60","商品60","饮料","40.47","372","52"
"61","商品61","食品","32.43","42","46"
"62","商品62","饮料","1.81","362","58"
"63","商品63","食品","68.85","361","56"
"64","商品64","饮料","59.6","159","81"
"65","商品65","食品","8.87","7","82"
"66","商品66","饮料","0.52","297","97"
"67","商品67","食品","1.87","105","100"
"68","商品68","饮料","35.53","391","86"
"69","商品69","食品","91.75","12","38"
"70","商品70","饮料","80.38","445","5"
"71","商品71","食品","53.41","273","14"
"72","商品72","饮料","2.8","369","61"
"73","商品73","食品","81.72","133","89"
"74","商品74","饮料","62.27","229","43"
"75","商品75","食品","74.73","231","8"
"76","商品76","饮料","97.58","329","38"
"77","商品77","食品","88.3","148","84"
"78","商品78","饮料","29.19","474","88"
"79","商品79","食品","51.04","468","16"
"80","商品80","饮料","95.21","151","66"
"81","商品81","食品","39","484","68"
"82","商品82","饮料","48.97","204","58"
"83","商品83","食品","64.62","253","60"
"84","商品84","饮料","47.47","287","45"
"85","商品85","食品","52.46","136","80"
"86","商品86","饮料","15.04","184","40"
"87","商品87","食品","86.51","70","12"
"88","商品88","饮料","14.73","196","53"
"89","商品89","食品","42.78","287","60"
"90","商品90","饮料","24.72","225","52"
"91","商品91","食品","22.7","292","25"
"92","商品92","饮料","48.34","336","92"
"93","商品93","食品","54.6","495","33"
"94","商品94","饮料","62.66","86","99"
"95","商品95","食品","38.88","0","84"
"96","商品96","饮料","18.82","213","57"
"97","商品97","食品","55.63","40","74"
"98","商品98","饮料","42.12","454","29"
"99","商品99","食品","67.64","270","68"
"100","商品100","饮料","73.94","340","19"
"101","商品101","食品","88.58","436","71"
"102","商品102","饮料","90.36","202","32"
"103","商品103","食品","37.19","452","42"
"104","商品104","饮料","35.16","258","53"
"105","商品105","食品","8.79","428","3"
"106","商品106","饮料","53.54","306","47"
"107","商品107","食品","46.08","461","24"
"108","商品108","饮料","40.5","159","39"
"109","商品109","食品","95.65","316","30"
"110","商品110","饮料","58.93","26","50"
"111","商品111","食品","31.9","54","59"
"112","商品112","饮料","60.59","135","54"
"113","商品113","食品","86.15","351","94"
"114","商品114","饮料","56.37","6","38"
"115","商品115","食品","83.11","16","68"
"116","商品116","饮料","27.19","167","87"
"117","商品117","食品","31.18","483","91"
"118","商品118","饮料","60.51","160","80"
"119","商品119","食品","98.8","284","89"
"120","商品120","饮料","70.13","430","21"
"121","商品121","食品","42.63","262","36"
"122","商品122","饮料","17.33","407","56"
"123","商品123","食品","34.91","33","29"
"124","商品124","饮料","24.67","182","9"
"125","商品125","食品","30.96","153","61"
"126","商品126","饮料","10.86","362","31"
"127","商品127","食品","32.97","372","74"
"128","商品128","饮料","44.32","4","72"
"129","商品129","食品","55.33","309","44"
"130","商品130","饮料","30.09","105","16"
"131","商品131","食品","12.83","92","54"
"132","商品132","饮料","14.2","46","4"
"133","商品133","食品","89.81","192","24"
"134","商品134","饮料","1.49","185","82"
"135","商品135","食品","94.62","147","64"
"136","商品136","饮料","29.25","278","91"
"137","商品137","食品","84.99","269","15"
"138","商品138","饮料","9.18","17","91"
"139","商品139","食品","40.04","149","29"
"140","商品140","饮料","55.4","450","85"
"141","商品141","食品","50.93","9","57"
"142","商品142","饮料","78.4","107","73"
"143","商品143","食品","96.8","336","46"
"144","商品144","饮料","27.04","489","9"
"145","商品145","食品","49.54","108","60"
"146","商品146","饮料","33.22","436","37"
"147","商品147","食品","20.37","463","3"
"148","商品148","饮料","32.78","287","89"
"149","商品149","食品","72.5","477","61"
"150","商品150","饮料","15.1","472","27"
"151","商品151","食品","50.57","362","12"
"152","商品152","饮料","37.86","279","67"
"153","商品153","食品","63.25","87","99"
"154","商品154","饮料","37.78","472","60"
"155","商品155","食品","14.34","464","22"
"156","商品156","饮料","27.33","365","84"
"157","商品157","食品","99.03","220","24"
"158","商品158","饮料","84.42","260","8"
"159","商品159","食品","79.5","380","42"
"160","商品160","饮料","81.02","397","55"
"161","商品161","食品","34.67","46","43"
"162","商品162","饮料","86.03","8","51"
"163","商品163","食品","46.56","409","70"
"164","商品164","饮料","1.74","1","97"
"165","商品165","食品","82.31","107","61"
"166","商品166","饮料","37.8","38","25"
"167","商品167","食品","1.88","172","67"
"168","商品168","饮料","29.69","243","55"
"169","商品169","食品","24.67","305","31"
"170","商品170","饮料","71.98","334","19"
"171","商品171","食品","92.5","32","56"
"172","商品172","饮料","56.08","74","7"
"173","商品173","食品","88.64","115","50"
"174","商品174","饮料","77.32","193","62"
"175","商品175","食品","92.09","377","2"
"176","商品176","饮料","79.44","468","31"
"177","商品177","食品","69.16","278","71"
"178","商品178","饮料","87.55","124","63"
"179","商品179","食品","36.43","476","68"
"180","商品180","饮料","50.85","260","9"
"181","商品181","食品","84.64","492","39"
"182","商品182","饮料","98.16","372","79"
"183","商品183","食品","67.58","15","14"
"184","商品184","饮料","56.43","212","44"
"185","商品185","食品","89.48","85","18"
"186","商品186","饮料","35.06","117","12"
"187","商品187","食品","88.92","45","79"
"188","商品188","饮料","66.96","491","91"
"189","商品189","食品","56.13","50","83"
"190","商品190","饮料","82.24","317","71"
"191","商品191","食品","63.77","31","41"
"192","商品192","饮料","81.35","433","90"
"193","商品193","食品","85.92","310","53"
"194","商品194","饮料","77.4","143","12"
"195","商品195","食品","71.87","122","7"
"196","商品196","饮料","59.91","397","19"
"197","商品197","食品","52.1","29","74"
"198","商品198","饮料","50.19","150","100"
"199","商品199","食品","8.75","221","96"
"200","商品200","饮料","44.45","178","46"
"201","商品201","食品","19.95","317","58"
"202","商品202","饮料","95.95","40","53"
"203","商品203","食品","37.27","147","36"
"204","商品204","饮料","91.16","239","67"
"205","商品205","食品","86.81","178","19"
"206","商品206","饮料","83.13","307","59"
"207","商品207","食品","6.24","283","65"
"208","商品208","饮料","54.47","387","25"
"209","商品209","食品","89.04","360","94"
"210","商品210","饮料","52.54","406","49"
"211","商品211","食品","99.25","252","55"
"212","商品212","饮料","21.37","216","52"
"213","商品213","食品","30.16","474","85"
"214","商品214","饮料","35.71","131","25"
"215","商品215","食品","42.15","190","65"
"216","商品216","饮料","7.76","227","4"
"217","商品217","食品","82.52","6","60"
"218","商品218","饮料","92.44","421","44"
"219","商品219","食品","67.03","16","16"
"220","商品220","饮料","66.92","442","42"
"221","商品221","食品","43.67","464","34"
"222","商品222","饮料","86.65","171","12"
"223","商品223","食品","52.75","152","95"
"224","商品224","饮料","80.45","95","54"
"225","商品225","食品","11.39","479","46"
"226","商品226","饮料","39.4","303","86"
"227","商品227","食品","44.45","331","99"
"228","商品228","饮料","91.81","323","48"
"229","商品229","食品","44.84","404","71"
"230","商品230","饮料","8.48","157","33"
"231","商品231","食品","67.48","200","98"
"232","商品232","饮料","69.67","271","63"
"233","商品233","食品","51.66","346","92"
"234","商品234","饮料","51.56","409","56"
"235","商品235","食品","29.89","419","31"
"236","商品236","饮料","99.21","26","30"
"237","商品237","食品","30.12","314","24"
"238","商品238","饮料","31.05","417","25"
"239","商品239","食品","70.52","400","89"
"240","商品240","饮料","3.25","251","42"
"241","商品241","食品","56.24","285","17"
"242","商品242","饮料","11.06","30","97"
"243","商品243","食品","66.61","211","12"
"244","商品244","饮料","29.85","76","88"
"245","商品245","食品","89.57","432","64"
"246","商品246","饮料","59.33","26","49"
"247","商品247","食品","27.78","463","80"
"248","商品248","饮料","20.52","318","57"
"249","商品249","食品","91.52","440","67"
"250","商品250","饮料","67.23","185","84"
"251","商品251","食品","7.62","433","11"
"252","商品252","饮料","94.32","194","12"
"253","商品253","食品","39.99","330","11"
"254","商品254","饮料","52.41","158","2"
"255","商品255","食品","13.02","300","62"
"256","商品256","饮料","26.85","249","70"
"257","商品257","食品","96.5","373","84"
"258","商品258","饮料","95.24","123","38"
"259","商品259","食品","13.96","285","44"
"260","商品260","饮料","45.16","480","45"
"261","商品261","食品","35.97","226","19"
"262","商品262","饮料","58.59","180","5"
"263","商品263","食品","16.06","328","80"
"264","商品264","饮料","2.7","368","61"
"265","商品265","食品","82.78","157","9"
"266","商品266","饮料","49.7","110","62"
"267","商品267","食品","41.2","107","84"
"268","商品268","饮料","53.92","93","32"
"269","商品269","食品","0.99","54","52"
"270","商品270","饮料","23.21","313","44"
"271","商品271","食品","30.47","106","15"
"272","商品272","饮料","10.77","45","14"
"273","商品273","食品","38.6","267","52"
"274","商品274","饮料","97.54","164","72"
"275","商品275","食品","60.89","443","61"
"276","商品276","饮料","37.24","21","10"
"277","商品277","食品","35.05","232","28"
"278","商品278","饮料","98.28","43","49"
"279","商品279","食品","15.94","172","26"
"280","商品280","饮料","21.95","171","6"
"281","商品281","食品","25.41","50","75"
"282","商品282","饮料","40.43","398","78"
"283","商品283","食品","48.48","48","4"
"284","商品284","饮料","86.49","115","56"
"285","商品285","食品","10.1","414","85"
"286","商品286","饮料","72.91","57","39"
"287","商品287","食品","59.81","412","33"
"288","商品288","饮料","16.18","414","66"
"289","商品289","食品","79.76","9","70"
"290","商品290","饮料","43.74","45","15"
"291","商品291","食品","45.88","426","90"
"292","商品292","饮料","89.46","400","32"
"293","商品293","食品","18.23","481","27"
"294","商品294","饮料","43.18","183","55"
"295","商品295","食品","61.77","227","43"
"296","商品296","饮料","75.93","260","33"
"297","商品297","食品","6.24","168","51"
"298","商品298","饮料","49.29","480","33"
"299","商品299","食品","74.75","379","56"
"300","商品300","饮料","49.3","401","54"
"301","商品301","食品","25.87","347","70"
"302","商品302","饮料","38.79","428","13"
"303","商品303","食品","4.32","423","11"
"304","商品304","饮料","98.25","299","5"
"305","商品305","食品","43.28","13","84"
"306","商品306","饮料","10.07","497","68"
"307","商品307","食品","37.28","424","14"
"308","商品308","饮料","10.49","65","35"
"309","商品309","食品","32.3","292","96"
"310","商品310","饮料","0.92","94","92"
"311","商品311","食品","1.48","162","59"
"312","商品312","饮料","93.7","468","88"
"313","商品313","食品","55.68","81","15"
"314","商品314","饮料","24.65","395","22"
"315","商品315","食品","68.51","396","91"
"316","商品316","饮料","15.47","27","81"
"317","商品317","食品","87.68","480","17"
"318","商品318","饮料","96.87","167","77"
"319","商品319","食品","82.07","404","59"
"320","商品320","饮料","50.05","372","23"
"321","商品321","食品","88.29","371","8"
"322","商品322","饮料","12.07","196","60"
"323","商品323","食品","81.8","146","2"
"324","商品324","饮料","17.77","427","74"
"325","商品325","食品","12.97","216","78"
"326","商品326","饮料","57.76","281","8"
"327","商品327","食品","70.97","155","43"
"328","商品328","饮料","18.29","323","69"
"329","商品329","食品","47.28","158","17"
"330","商品330","饮料","88.74","466","1"
"331","商品331","食品","22.66","58","91"
"332","商品332","饮料","16.69","62","13"
"333","商品333","食品","23.8","411","41"
"334","商品334","饮料","53.45","235","75"
"335","商品335","食品","33.36","210","11"
"336","商品336","饮料","25.95","491","15"
"337","商品337","食品","75.26","170","45"
"338","商品338","饮料","20.38","341","81"
"339","商品339","食品","98.07","242","49"
"340","商品340","饮料","95.16","157","72"
"341","商品341","食品","65.23","51","57"
"342","商品342","饮料","49.2","389","42"
"343","商品343","食品","74.41","236","14"
"344","商品344","饮料","24.52","413","41"
"345","商品345","食品","52.75","215","58"
"346","商品346","饮料","58.23","92","18"
"347","商品347","食品","34.2","85","83"
"348","商品348","饮料","63.48","342","53"
"349","商品349","食品","55.01","93","29"
"350","商品350","饮料","86.48","234","75"
"351","商品351","食品","33.15","207","9"
"352","商品352","饮料","17.43","309","58"
"353","商品353","食品","99.48","131","34"
"354","商品354","饮料","87.55","188","27"
"355","商品355","食品","17.82","52","99"
"356","商品356","饮料","61.96","69","84"
"357","商品357","食品","75.44","134","9"
"358","商品358","饮料","62.2","425","39"
"359","商品359","食品","38.94","390","75"
"360","商品360","饮料","36.08","290","82"
"361","商品361","食品","35.15","151","46"
"362","商品362","饮料","37.7","257","45"
"363","商品363","食品","66.94","9","9"
"364","商品364","饮料","37.65","311","99"
"365","商品365","食品","4.6","140","28"
"366","商品366","饮料","51.09","370","18"
"367","商品367","食品","63.43","328","39"
"368","商品368","饮料","94.51","287","5"
"369","商品369","食品","48.26","143","99"
"370","商品370","饮料","8.67","232","7"
"371","商品371","食品","90.8","180","8"
"372","商品372","饮料","30.08","137","48"
"373","商品373","食品","55.08","163","99"
"374","商品374","饮料","94.2","377","96"
"375","商品375","食品","49.04","298","52"
"376","商品376","饮料","79.76","216","78"
"377","商品377","食品","56.48","252","84"
"378","商品378","饮料","65.07","376","82"
"379","商品379","食品","80.76","298","57"
"380","商品380","饮料","3.81","245","35"
"381","商品381","食品","24.29","91","20"
"382","商品382","饮料","40.02","214","95"
"383","商品383","食品","45.61","216","80"
"384","商品384","饮料","68.65","20","15"
"385","商品385","食品","60.33","290","10"
"386","商品386","饮料","72.79","178","61"
"387","商品387","食品","94.07","448","66"
"388","商品388","饮料","60.49","24","43"
"389","商品389","食品","99.66","348","50"
"390","商品390","饮料","39.62","243","26"
"391","商品391","食品","78.74","93","58"
"392","商品392","饮料","29.09","372","85"
"393","商品393","食品","1.24","257","54"
"394","商品394","饮料","13.67","37","97"
"395","商品395","食品","60.1","54","75"
"396","商品396","饮料","39","359","43"
"397","商品397","食品","96.98","286","96"
"398","商品398","饮料","5.68","209","93"
"399","商品399","食品","35.82","11","4"
"400","商品400","饮料","12.53","255","18"
"401","商品401","食品","35.36","118","13"
"402","商品402","饮料","90.7","82","11"
"403","商品403","食品","0.95","373","71"
"404","商品404","饮料","27.2","126","46"
"405","商品405","食品","50.14","74","25"
"406","商品406","饮料","76.59","50","21"
"407","商品407","食品","73.76","31","11"
"408","商品408","饮料","33.09","170","72"
"409","商品409","食品","55.93","322","55"
"410","商品410","饮料","80.84","197","56"
"411","商品411","食品","57.22","103","32"
"412","商品412","饮料","94.97","403","20"
"413","商品413","食品","52.69","32","75"
"414","商品414","饮料","51.18","167","15"
"415","商品415","食品","71.46","69","56"
"416","商品416","饮料","34.74","38","35"
"417","商品417","食品","49.94","228","79"
"418","商品418","饮料","57.01","242","72"
"419","商品419","食品","12.61","240","3"
"420","商品420","饮料","69.23","190","83"
"421","商品421","食品","97.85","210","18"
"422","商品422","饮料","58.71","212","37"
"423","商品423","食品","55.18","330","66"
"424","商品424","饮料","28.76","237","51"
"425","商品425","食品","11.37","23","90"
"426","商品426","饮料","33.2","488","89"
"427","商品427","食品","49.21","404","57"
"428","商品428","饮料","40.27","158","38"
"429","商品429","食品","92.97","260","82"
"430","商品430","饮料","50.39","40","90"
"431","商品431","食品","21.36","197","34"
"432","商品432","饮料","48.06","201","58"
"433","商品433","食品","67.9","330","27"
"434","商品434","饮料","34.41","462","60"
"435","商品435","食品","19.49","96","38"
"436","商品436","饮料","30.08","188","99"
"437","商品437","食品","80","20","81"
"438","商品438","饮料","88.2","4","40"
"439","商品439","食品","96.05","305","18"
"440","商品440","饮料","2.19","298","93"
"441","商品441","食品","81.62","157","14"
"442","商品442","饮料","70.7","71","59"
"443","商品443","食品","52.2","420","64"
"444","商品444","饮料","67.45","226","25"
"445","商品445","食品","86.32","290","32"
"446","商品446","饮料","84.52","136","83"
"447","商品447","食品","30.75","31","40"
"448","商品448","饮料","78.42","368","33"
"449","商品449","食品","43.21","88","59"
"450","商品450","饮料","39.55","111","93"
"451","商品451","食品","97.39","41","50"
"452","商品452","饮料","23.28","336","68"
"453","商品453","食品","33.1","321","23"
"454","商品454","饮料","19.27","144","87"
"455","商品455","食品","47.55","385","43"
"456","商品456","饮料","83.53","443","93"
"457","商品457","食品","98.27","63","69"
"458","商品458","饮料","6.46","127","9"
"459","商品459","食品","63.82","474","84"
"460","商品460","饮料","31.3","34","41"
"461","商品461","食品","80.59","411","70"
"462","商品462","饮料","1.93","1","96"
"463","商品463","食品","78.15","16","83"
"464","商品464","饮料","0.2","274","75"
"465","商品465","食品","6.22","42","24"
"466","商品466","饮料","92.27","454","78"
"467","商品467","食品","13.69","183","43"
"468","商品468","饮料","3.61","448","38"
"469","商品469","食品","18.87","408","52"
"470","商品470","饮料","12.45","39","3"
"471","商品471","食品","86.67","135","76"
"472","商品472","饮料","97.36","297","6"
"473","商品473","食品","48.61","133","89"
"474","商品474","饮料","59.77","174","95"
"475","商品475","食品","69.59","317","9"
"476","商品476","饮料","52.97","193","36"
"477","商品477","食品","58.91","446","71"
"478","商品478","饮料","82.82","17","70"
"479","商品479","食品","34.57","329","26"
"480","商品480","饮料","29.27","351","64"
"481","商品481","食品","8","243","20"
"482","商品482","饮料","49.5","451","4"
"483","商品483","食品","44.31","62","30"
"484","商品484","饮料","8.62","277","52"
"485","商品485","食品","93.16","49","70"
"486","商品486","饮料","19.77","446","87"
"487","商品487","食品","66.41","357","59"
"488","商品488","饮料","78.7","87","52"
"489","商品489","食品","3.14","312","3"
"490","商品490","饮料","26.66","124","45"
"491","商品491","食品","47.52","21","80"
"492","商品492","饮料","82.22","370","24"
"493","商品493","食品","94.7","17","34"
"494","商品494","饮料","55.67","393","27"
"495","商品495","食品","96.6","16","28"
"496","商品496","饮料","25.26","225","50"
"497","商品497","食品","12.31","65","29"
"498","商品498","饮料","2.46","136","30"
"499","商品499","食品","64.2","166","74"
"500","商品500","饮料","69.62","131","24"
"501","商品501","食品","35.99","54","47"
"502","商品502","饮料","99.84","298","99"
"503","商品503","食品","15.17","396","52"
"504","商品504","饮料","18.05","182","29"
"505","商品505","食品","34.05","419","18"
"506","商品506","饮料","36.91","156","46"
"507","商品507","食品","33.14","148","49"
"508","商品508","饮料","54.34","128","66"
"509","商品509","食品","52.5","322","66"
"510","商品510","饮料","33.19","348","50"
"511","商品511","食品","37.23","191","80"
"512","商品512","饮料","82.62","373","26"
"513","商品513","食品","3.98","215","4"
"514","商品514","饮料","88.02","148","85"
"515","商品515","食品","33.83","76","76"
"516","商品516","饮料","29.93","120","31"
"517","商品517","食品","81","65","23"
"518","商品518","饮料","71.66","459","45"
"519","商品519","食品","45.87","482","45"
"520","商品520","饮料","34.9","199","95"
"521","商品521","食品","53.42","416","57"
"522","商品522","饮料","31.02","432","40"
"523","商品523","食品","39.43","388","70"
"524","商品524","饮料","16.94","373","24"
"525","商品525","食品","90.9","426","55"
"526","商品526","饮料","14.72","55","12"
"527","商品527","食品","22.86","403","35"
"528","商品528","饮料","31.16","259","67"
"529","商品529","食品","75.9","402","75"
"530","商品530","饮料","30.81","154","62"
"531","商品531","食品","15.69","467","21"
"532","商品532","饮料","23.1","266","97"
"533","商品533","食品","24.14","152","80"
"534","商品534","饮料","7.57","492","70"
"535","商品535","食品","53.92","299","38"
"536","商品536","饮料","9.19","163","36"
"537","商品537","食品","79.43","454","16"
"538","商品538","饮料","6.25","420","2"
"539","商品539","食品","55.61","366","1"
"540","商品540","饮料","80.02","499","60"
"541","商品541","食品","99.72","93","95"
"542","商品542","饮料","17.51","16","64"
"543","商品543","食品","8.03","247","24"
"544","商品544","饮料","70.03","394","85"
"545","商品545","食品","85.74","376","19"
"546","商品546","饮料","68.38","427","23"
"547","商品547","食品","55.68","55","89"
"548","商品548","饮料","8.33","383","59"
"549","商品549","食品","63.03","196","8"
"550","商品550","饮料","17.54","332","81"
"551","商品551","食品","1.62","336","32"
"552","商品552","饮料","55.7","419","53"
"553","商品553","食品","12.47","18","81"
"554","商品554","饮料","93.62","126","46"
"555","商品555","食品","52.79","133","76"
"556","商品556","饮料","95.49","260","75"
"557","商品557","食品","13.98","238","97"
"558","商品558","饮料","40.53","61","41"
"559","商品559","食品","64.78","13","20"
"560","商品560","饮料","87.88","408","46"
"561","商品561","食品","81.05","347","4"
"562","商品562","饮料","11.18","221","88"
"563","商品563","食品","5.98","333","16"
"564","商品564","饮料","76.71","187","58"
"565","商品565","食品","75.55","24","98"
"566","商品566","饮料","72.46","350","34"
"567","商品567","食品","56.78","417","48"
"568","商品568","饮料","86.06","441","84"
"569","商品569","食品","52.08","50","95"
"570","商品570","饮料","42.72","148","21"
"571","商品571","食品","11.46","485","51"
"572","商品572","饮料","63.28","318","29"
"573","商品573","食品","53.3","398","39"
"574","商品574","饮料","55.31","299","34"
"575","商品575","食品","86.03","154","97"
"576","商品576","饮料","89.19","284","17"
"577","商品577","食品","12.58","65","28"
"578","商品578","饮料","97.79","34","41"
"579","商品579","食品","83.45","474","25"
"580","商品580","饮料","35.73","32","25"
"581","商品581","食品","5.53","263","48"
"582","商品582","饮料","77.33","226","95"
"583","商品583","食品","37.27","12","1"
"584","商品584","饮料","93.87","343","62"
"585","商品585","食品","3.5","158","49"
"586","商品586","饮料","45.1","406","72"
"587","商品587","食品","13.68","268","28"
"588","商品588","饮料","76.58","1","72"
"589","商品589","食品","57.21","356","85"
"590","商品590","饮料","8.98","456","30"
"591","商品591","食品","73.66","398","78"
"592","商品592","饮料","50.35","89","39"
"593","商品593","食品","39.59","409","91"
"594","商品594","饮料","7.23","322","1"
"595","商品595","食品","9.22","222","96"
"596","商品596","饮料","42.15","126","100"
"597","商品597","食品","23.4","87","18"
"598","商品598","饮料","33.51","80","80"
"599","商品599","食品","49.5","44","97"
"600","商品600","饮料","54.76","424","60"
"601","商品601","食品","44.33","211","79"
"602","商品602","饮料","67.61","5","4"
"603","商品603","食品","11.61","244","11"
"604","商品604","饮料","3.23","430","21"
"605","商品605","食品","45.3","321","86"
"606","商品606","饮料","36.7","128","19"
"607","商品607","食品","13.28","61","22"
"608","商品608","饮料","71.74","467","53"
"609","商品609","食品","80.15","222","82"
"610","商品610","饮料","74.86","147","23"
"611","商品611","食品","24.83","281","7"
"612","商品612","饮料","64.96","22","29"
"613","商品613","食品","26.59","243","64"
"614","商品614","饮料","72.97","366","48"
"615","商品615","食品","19.38","266","9"
"616","商品616","饮料","80.41","389","49"
"617","商品617","食品","9.15","499","73"
"618","商品618","饮料","61.07","444","61"
"619","商品619","食品","38.32","43","29"
"620","商品620","饮料","17.11","497","47"
"621","商品621","食品","34.05","152","51"
"622","商品622","饮料","61.83","285","100"
"623","商品623","食品","26.75","175","96"
"624","商品624","饮料","70.32","331","21"
"625","商品625","食品","3.8","286","76"
"626","商品626","饮料","5.24","498","84"
"627","商品627","食品","16.51","165","16"
"628","商品628","饮料","79.3","247","10"
"629","商品629","食品","98.43","320","26"
"630","商品630","饮料","33.53","460","61"
"631","商品631","食品","25.04","221","47"
"632","商品632","饮料","97.66","250","58"
"633","商品633","食品","37.04","64","54"
"634","商品634","饮料","26.56","368","90"
"635","商品635","食品","24.57","276","3"
"636","商品636","饮料","48.62","171","26"
"637","商品637","食品","26.45","272","94"
"638","商品638","饮料","3.03","175","67"
"639","商品639","食品","28.51","210","26"
"640","商品640","饮料","99.27","104","7"
"641","商品641","食品","71.44","183","69"
"642","商品642","饮料","34.76","334","31"
"643","商品643","食品","52.17","344","89"
"644","商品644","饮料","34.94","47","44"
"645","商品645","食品","86.71","21","62"
"646","商品646","饮料","93.15","410","32"
"647","商品647","食品","10.72","296","65"
"648","商品648","饮料","42.87","109","82"
"649","商品649","食品","40.09","284","64"
"650","商品650","饮料","49.31","273","26"
"651","商品651","食品","62.39","180","94"
"652","商品652","饮料","59.55","84","7"
"653","商品653","食品","79.83","403","65"
"654","商品654","饮料","78.78","6","71"
"655","商品655","食品","46.89","119","80"
"656","商品656","饮料","24.06","413","42"
"657","商品657","食品","58.99","353","77"
"658","商品658","饮料","69.28","88","81"
"659","商品659","食品","49.57","31","83"
"660","商品660","饮料","95.13","136","51"
"661","商品661","食品","72.24","44","28"
"662","商品662","饮料","10.22","345","15"
"663","商品663","食品","67.19","456","55"
"664","商品664","饮料","99.56","169","71"
"665","商品665","食品","50.37","203","53"
"666","商品666","饮料","41.35","242","19"
"667","商品667","食品","47.89","416","73"
"668","商品668","饮料","14.81","275","32"
"669","商品669","食品","92.13","330","54"
"670","商品670","饮料","70.35","453","43"
"671","商品671","食品","40.39","372","52"
"672","商品672","饮料","32.05","34","39"
"673","商品673","食品","73.12","245","27"
"674","商品674","饮料","84.02","206","55"
"675","商品675","食品","47.41","371","30"
"676","商品676","饮料","24.18","162","91"
"677","商品677","食品","53.99","494","33"
"678","商品678","饮料","66.79","178","79"
"679","商品679","食品","85.27","454","99"
"680","商品680","饮料","18.63","492","37"
"681","商品681","食品","88.31","155","91"
"682","商品682","饮料","61.31","168","85"
"683","商品683","食品","20.44","247","86"
"684","商品684","饮料","80.24","220","80"
"685","商品685","食品","66.82","473","73"
"686","商品686","饮料","79.37","394","57"
"687","商品687","食品","45.63","293","57"
"688","商品688","饮料","7.56","337","16"
"689","商品689","食品","72.9","95","77"
"690","商品690","饮料","27.55","33","52"
"691","商品691","食品","35.82","127","20"
"692","商品692","饮料","21.72","249","84"
"693","商品693","食品","70.08","493","84"
"694","商品694","饮料","20.47","261","1"
"695","商品695","食品","45.06","119","85"
"696","商品696","饮料","52.11","30","75"
"697","商品697","食品","52.1","191","36"
"698","商品698","饮料","61.21","1","19"
"699","商品699","食品","89.93","475","6"
"700","商品700","饮料","42","468","43"
"701","商品701","食品","32","160","65"
"702","商品702","饮料","26.17","186","9"
"703","商品703","食品","29.8","119","30"
"704","商品704","饮料","76.98","479","49"
"705","商品705","食品","53.59","116","56"
"706","商品706","饮料","8.71","381","56"
"707","商品707","食品","49.8","408","59"
"708","商品708","饮料","48.78","338","93"
"709","商品709","食品","58.19","70","97"
"710","商品710","饮料","38.22","13","99"
"711","商品711","食品","86.54","179","20"
"712","商品712","饮料","90.93","477","5"
"713","商品713","食品","37.61","367","55"
"714","商品714","饮料","53.96","25","64"
"715","商品715","食品","1.47","87","83"
"716","商品716","饮料","60.81","281","99"
"717","商品717","食品","25.41","152","77"
"718","商品718","饮料","90.73","121","50"
"719","商品719","食品","72.33","73","57"
"720","商品720","饮料","36.32","67","59"
"721","商品721","食品","53.1","446","87"
"722","商品722","饮料","66.96","369","69"
"723","商品723","食品","23.04","41","73"
"724","商品724","饮料","35.7","311","5"
"725","商品725","食品","34.01","287","86"
"726","商品726","饮料","56.54","125","57"
"727","商品727","食品","5.15","286","72"
"728","商品728","饮料","85.2","58","3"
"729","商品729","食品","77.19","393","63"
"730","商品730","饮料","74.58","431","9"
"731","商品731","食品","82.1","428","83"
"732","商品732","饮料","54.63","130","67"
"733","商品733","食品","53.27","337","78"
"734","商品734","饮料","86.44","493","35"
"735","商品735","食品","76.86","401","72"
"736","商品736","饮料","15.33","313","68"
"737","商品737","食品","50.85","253","2"
"738","商品738","饮料","54.16","334","73"
"739","商品739","食品","59.89","415","36"
"740","商品740","饮料","28.6","181","97"
"741","商品741","食品","71.41","343","30"
"742","商品742","饮料","40.82","79","58"
"743","商品743","食品","37.63","84","72"
"744","商品744","饮料","8.24","128","5"
"745","商品745","食品","43.33","21","92"
"746","商品746","饮料","44.26","235","3"
"747","商品747","食品","71.05","239","27"
"748","商品748","饮料","88.71","320","55"
"749","商品749","食品","78.41","148","14"
"750","商品750","饮料","77.64","240","8"
"751","商品751","食品","93.75","229","49"
"752","商品752","饮料","3.73","368","58"
"753","商品753","食品","67.08","311","11"
"754","商品754","饮料","65.34","476","81"
"755","商品755","食品","16.45","204","55"
"756","商品756","饮料","51.41","463","10"
"757","商品757","食品","69.06","84","78"
"758","商品758","饮料","36.43","249","40"
"759","商品759","食品","50.18","155","5"
"760","商品760","饮料","30.52","191","1"
"761","商品761","食品","86.66","161","2"
"762","商品762","饮料","9.07","209","83"
"763","商品763","食品","85.56","405","49"
"764","商品764","饮料","99.87","267","69"
"765","商品765","食品","79.53","467","30"
"766","商品766","饮料","65.87","206","10"
"767","商品767","食品","22.17","415","49"
"768","商品768","饮料","95.44","151","66"
"769","商品769","食品","36.86","437","27"
"770","商品770","饮料","72.02","396","81"
"771","商品771","食品","66.1","439","42"
"772","商品772","饮料","43.82","472","41"
"773","商品773","食品","20.84","408","46"
"774","商品774","饮料","84.21","417","65"
"775","商品775","食品","74.21","380","59"
"776","商品776","饮料","63.1","202","14"
"777","商品777","食品","43.96","402","71"
"778","商品778","饮料","13.06","262","23"
"779","商品779","食品","57.66","96","24"
"780","商品780","饮料","60.63","159","78"
"781","商品781","食品","93.67","173","93"
"782","商品782","饮料","56.83","38","69"
"783","商品783","食品","17.51","415","64"
"784","商品784","饮料","66.54","215","16"
"785","商品785","食品","50.45","21","71"
"786","商品786","饮料","39.63","432","14"
"787","商品787","食品","8.25","3","79"
"788","商品788","饮料","90.32","81","11"
"789","商品789","食品","2.73","413","6"
"790","商品790","饮料","80.1","417","77"
"791","商品791","食品","34.06","198","97"
"792","商品792","饮料","61.81","102","18"
"793","商品793","食品","24.9","362","89"
"794","商品794","饮料","23.48","263","93"
"795","商品795","食品","5.9","256","39"
"796","商品796","饮料","38.38","383","69"
"797","商品797","食品","11.17","255","23"
"798","商品798","饮料","57.2","98","27"
"799","商品799","食品","74.56","463","40"
"800","商品800","饮料","20.29","412","52"
"801","商品801","食品","10.31","484","54"
"802","商品802","饮料","76.65","114","85"
"803","商品803","食品","54.11","84","22"
"804","商品804","饮料","58.85","143","67"
"805","商品805","食品","46.79","171","32"
"806","商品806","饮料","54.12","381","20"
"807","商品807","食品","66.63","379","80"
"808","商品808","饮料","69.1","37","31"
"809","商品809","食品","28.64","262","77"
"810","商品810","饮料","25.82","495","18"
"811","商品811","食品","92.5","43","66"
"812","商品812","饮料","2.86","85","77"
"813","商品813","食品","31.5","139","46"
"814","商品814","饮料","42.87","391","63"
"815","商品815","食品","79.09","35","99"
"816","商品816","饮料","69.92","274","65"
"817","商品817","食品","58.13","485","11"
"818","商品818","饮料","62.59","403","16"
"819","商品819","食品","37.54","199","87"
"820","商品820","饮料","13.38","35","96"
"821","商品821","食品","56.77","484","15"
"822","商品822","饮料","80.64","301","60"
"823","商品823","食品","18.17","56","3"
"824","商品824","饮料","76.36","378","49"
"825","商品825","食品","18.05","216","63"
"826","商品826","饮料","82.15","117","72"
"827","商品827","食品","84.86","55","1"
"828","商品828","饮料","70.77","257","45"
"829","商品829","食品","70.49","87","77"
"830","商品830","饮料","28.46","68","83"
"831","商品831","食品","73.68","98","78"
"832","商品832","饮料","26.31","2","24"
"833","商品833","食品","15.03","26","82"
"834","商品834","饮料","92.23","80","5"
"835","商品835","食品","72.3","245","29"
"836","商品836","饮料","93.6","418","38"
"837","商品837","食品","36.01","339","32"
"838","商品838","饮料","53.92","374","14"
"839","商品839","食品","41","327","5"
"840","商品840","饮料","23.89","36","66"
"841","商品841","食品","3.93","120","9"
"842","商品842","饮料","69.46","111","4"
"843","商品843","食品","50.66","213","62"
"844","商品844","饮料","77.68","25","93"
"845","商品845","食品","46.76","282","43"
"846","商品846","饮料","43.18","440","12"
"847","商品847","食品","91.79","125","51"
"848","商品848","饮料","77.4","176","44"
"849","商品849","食品","13.84","187","47"
"850","商品850","饮料","17.74","252","100"
"851","商品851","食品","45.25","140","6"
"852","商品852","饮料","40.7","441","20"
"853","商品853","食品","34.31","59","57"
"854","商品854","饮料","45.89","302","66"
"855","商品855","食品","44.66","137","4"
"856","商品856","饮料","33.72","294","94"
"857","商品857","食品","92","393","18"
"858","商品858","饮料","49.25","476","29"
"859","商品859","食品","56.01","475","8"
"860","商品860","饮料","51.45","176","22"
"861","商品861","食品","3.3","255","46"
"862","商品862","饮料","75.22","194","69"
"863","商品863","食品","28.03","166","83"
"864","商品864","饮料","11.25","48","15"
"865","商品865","食品","43.06","360","32"
"866","商品866","饮料","41.2","57","34"
"867","商品867","食品","33.14","326","27"
"868","商品868","饮料","39.12","73","56"
"869","商品869","食品","34.48","27","24"
"870","商品870","饮料","2.42","204","98"
"871","商品871","食品","62.7","111","24"
"872","商品872","饮料","50.33","406","56"
"873","商品873","食品","33.25","499","1"
"874","商品874","饮料","1","22","20"
"875","商品875","食品","82.57","276","29"
"876","商品876","饮料","78.61","31","96"
"877","商品877","食品","59.14","44","68"
"878","商品878","饮料","8.5","207","82"
"879","商品879","食品","83.44","363","13"
"880","商品880","饮料","45.84","455","18"
"881","商品881","食品","14.53","100","58"
"882","商品882","饮料","24.82","264","91"
"883","商品883","食品","93.19","473","94"
"884","商品884","饮料","84.97","217","63"
"885","商品885","食品","81.68","105","61"
"886","商品886","饮料","40.53","101","80"
"887","商品887","食品","36.63","224","15"
"888","商品888","饮料","36.53","200","91"
"889","商品889","食品","32.91","463","65"
"890","商品890","饮料","46.41","186","48"
"891","商品891","食品","23.97","391","20"
"892","商品892","饮料","64.64","316","23"
"893","商品893","食品","23.87","255","84"
"894","商品894","饮料","64.41","357","65"
"895","商品895","食品","8.1","234","10"
"896","商品896","饮料","8.82","72","47"
"897","商品897","食品","87.03","484","23"
"898","商品898","饮料","24.51","267","95"
"899","商品899","食品","10.85","356","25"
"900","商品900","饮料","6.11","292","75"
"901","商品901","食品","95.75","279","93"
"902","商品902","饮料","95","486","2"
"903","商品903","食品","14.45","342","100"
"904","商品904","饮料","90.95","284","12"
"905","商品905","食品","86.07","482","24"
"906","商品906","饮料","30.16","395","6"
"907","商品907","食品","88.92","143","78"
"908","商品908","饮料","98.88","316","20"
"909","商品909","食品","9.7","443","15"
"910","商品910","饮料","6.12","436","18"
"911","商品911","食品","27.38","417","36"
"912","商品912","饮料","25.61","112","36"
"913","商品913","食品","9.55","208","80"
"914","商品914","饮料","72.78","126","9"
"915","商品915","食品","64.78","497","4"
"916","商品916","饮料","16.95","377","27"
"917","商品917","食品","7.12","276","56"
"918","商品918","饮料","11.86","462","27"
"919","商品919","食品","56.77","16","47"
"920","商品920","饮料","21.67","346","82"
"921","商品921","食品","0.71","291","90"
"922","商品922","饮料","71.99","459","44"
"923","商品923","食品","40","353","34"
"924","商品924","饮料","56.24","400","32"
"925","商品925","食品","19.51","7","50"
"926","商品926","饮料","41.93","308","83"
"927","商品927","食品","27.48","449","68"
"928","商品928","饮料","66.05","143","46"
"929","商品929","食品","42.41","373","47"
"930","商品930","饮料","9.05","26","99"
"931","商品931","食品","79.1","493","56"
"932","商品932","饮料","83.29","244","95"
"933","商品933","食品","27.97","274","91"
"934","商品934","饮料","88.74","357","92"
"935","商品935","食品","43.76","218","88"
"936","商品936","饮料","4.74","311","97"
"937","商品937","食品","97.94","494","1"
"938","商品938","饮料","7.46","173","52"
"939","商品939","食品","52.38","39","83"
"940","商品940","饮料","89.23","491","24"
"941","商品941","食品","24","243","72"
"942","商品942","饮料","10.62","195","64"
"943","商品943","食品","1.33","77","74"
"944","商品944","饮料","20.05","401","42"
"945","商品945","食品","67.75","66","64"
"946","商品946","饮料","78.42","4","70"
"947","商品947","食品","44.82","77","43"
"948","商品948","饮料","68.47","66","62"
"949","商品949","食品","67.05","254","54"
"950","商品950","饮料","15.08","73","28"
"951","商品951","食品","95.79","475","89"
"952","商品952","饮料","56.29","82","14"
"953","商品953","食品","16.66","218","69"
"954","商品954","饮料","12.84","288","51"
"955","商品955","食品","77.77","191","58"
"956","商品956","饮料","74.79","1","77"
"957","商品957","食品","83.53","435","85"
"958","商品958","饮料","63.19","306","17"
"959","商品959","食品","0.12","251","51"
"960","商品960","饮料","3.66","328","18"
"961","商品961","食品","89.48","477","10"
"962","商品962","饮料","59.72","353","75"
"963","商品963","食品","61.72","420","36"
"964","商品964","饮料","24.85","89","15"
"965","商品965","食品","21.25","306","43"
"966","商品966","饮料","29.51","97","10"
"967","商品967","食品","86.58","29","70"
"968","商品968","饮料","29.44","195","7"
"969","商品969","食品","17.25","328","77"
"970","商品970","饮料","85.28","485","30"
"971","商品971","食品","56.82","476","6"
"972","商品972","饮料","42.65","481","54"
"973","商品973","食品","78.35","157","23"
"974","商品974","饮料","16.59","81","33"
"975","商品975","食品","11.85","313","78"
"976","商品976","饮料","0.3","342","42"
"977","商品977","食品","4.22","475","63"
"978","商品978","饮料","29.27","287","1"
"979","商品979","食品","27.43","185","4"
"980","商品980","饮料","4.36","62","50"
"981","商品981","食品","8.33","471","47"
"982","商品982","饮料","48.84","26","80"
"983","商品983","食品","82.21","361","16"
"984","商品984","饮料","58.06","226","53"
"985","商品985","食品","24.8","338","64"
"986","商品986","饮料","16.64","457","8"
"987","商品987","食品","61.41","428","45"
"988","商品988","饮料","63.82","432","42"
"989","商品989","食品","47.37","63","21"
"990","商品990","饮料","66.82","356","57"
"991","商品991","食品","66.75","326","27"
"992","商品992","饮料","35.87","1","94"
"993","商品993","食品","67.49","282","80"
"994","商品994","饮料","30.32","58","68"
"995","商品995","食品","3.55","72","62"
"996","商品996","饮料","65.34","207","12"
"997","商品997","食品","31.27","115","22"
"998","商品998","饮料","37.4","115","4"
"999","商品999","食品","47.71","141","99"
"1000","商品1000","饮料","6.68","192","73"
